Paca Garte;6
Matias Queroso Todo;7
Paca Garte;6
Matias Queroso Todo;1
Paca Garte;3
Dolores Fuertes de Barriga ;5
Marcia Ana Entera;8
Marcia Ana Entera;5
Marcia Ana Entera;8
Igor Dito Delgado;8
Dolores Fuertes de Barriga ;6
Marcia Ana Entera;3
Dolores Fuertes de Barriga ;8
Antonio Bragueta Suelta;6
Igor Dito Delgado;4
Dolores Fuertes de Barriga ;3
Helen Chufe;4
Igor Dito Delgado;2
Paca Garte;8
Matias Queroso Todo;1
Matias Queroso Todo;7
Aitor Tilla Buena;4
Matias Queroso Todo;8
Aitor Tilla Buena;1
Antonio Bragueta Suelta;1
Helen Chufe;3
Matias Queroso Todo;2
Antonio Bragueta Suelta;7
Marcia Ana Entera;7
Aitor Tilla Buena;3
Helen Chufe;6
Matias Queroso Todo;4
Aitor Tilla Buena;2
Dolores Fuertes de Barriga ;3
Aitor Tilla Buena;7
Marcia Ana Entera;1
Marcia Ana Entera;7
Marcia Ana Entera;4
Dolores Fuertes de Barriga ;5
Dolores Fuertes de Barriga ;3
Helen Chufe;6
Matias Queroso Todo;3
Aitor Tilla Buena;3
Antonio Bragueta Suelta;8
Helen Chufe;3
Antonio Bragueta Suelta;4
Dolores Fuertes de Barriga ;6
Helen Chufe;7
Marcia Ana Entera;4
Paca Garte;4
Paca Garte;4
Dolores Fuertes de Barriga ;2
Igor Dito Delgado;4
Igor Dito Delgado;3
Marcia Ana Entera;3
Helen Chufe;8
Dolores Fuertes de Barriga ;1
Antonio Bragueta Suelta;1
Marcia Ana Entera;4
Igor Dito Delgado;3
Matias Queroso Todo;7
Paca Garte;7
Marcia Ana Entera;1
Dolores Fuertes de Barriga ;7
Igor Dito Delgado;4
Aitor Tilla Buena;2
Matias Queroso Todo;3
Igor Dito Delgado;4
Dolores Fuertes de Barriga ;6
Aitor Tilla Buena;6
Helen Chufe;2
Antonio Bragueta Suelta;5
Aitor Tilla Buena;2
Aitor Tilla Buena;6
Marcia Ana Entera;1
Marcia Ana Entera;1
Dolores Fuertes de Barriga ;2
Marcia Ana Entera;3
Aitor Tilla Buena;5
Helen Chufe;8
Matias Queroso Todo;2
Antonio Bragueta Suelta;8
Matias Queroso Todo;4
Igor Dito Delgado;8
Aitor Tilla Buena;6
Igor Dito Delgado;4
Igor Dito Delgado;3
Aitor Tilla Buena;7
Paca Garte;3
Marcia Ana Entera;6
Aitor Tilla Buena;2
Matias Queroso Todo;4
Dolores Fuertes de Barriga ;4
Helen Chufe;7
Dolores Fuertes de Barriga ;6
Aitor Tilla Buena;5
Igor Dito Delgado;5
Aitor Tilla Buena;6
Matias Queroso Todo;5
Helen Chufe;2
Aitor Tilla Buena;6
Paca Garte;8
Helen Chufe;5
Igor Dito Delgado;1
Paca Garte;5
Dolores Fuertes de Barriga ;5
Dolores Fuertes de Barriga ;4
Dolores Fuertes de Barriga ;8
Helen Chufe;2
Helen Chufe;8
Dolores Fuertes de Barriga ;1
Dolores Fuertes de Barriga ;6
Marcia Ana Entera;1
Paca Garte;3
Matias Queroso Todo;1
Helen Chufe;1
Paca Garte;6
Igor Dito Delgado;4
Igor Dito Delgado;2
Antonio Bragueta Suelta;7
Paca Garte;8
Igor Dito Delgado;3
Paca Garte;2
Igor Dito Delgado;7
Dolores Fuertes de Barriga ;8
Matias Queroso Todo;8
Paca Garte;8
Matias Queroso Todo;8
Helen Chufe;2
Antonio Bragueta Suelta;1
Dolores Fuertes de Barriga ;4
Igor Dito Delgado;1
Igor Dito Delgado;7
Antonio Bragueta Suelta;6
Matias Queroso Todo;5
Dolores Fuertes de Barriga ;8
Paca Garte;7
Dolores Fuertes de Barriga ;4
Aitor Tilla Buena;5
Aitor Tilla Buena;5
Marcia Ana Entera;4
Antonio Bragueta Suelta;2
Matias Queroso Todo;1
Paca Garte;7
Paca Garte;1
Matias Queroso Todo;5
Helen Chufe;3
Aitor Tilla Buena;3
Matias Queroso Todo;3
Igor Dito Delgado;8
Marcia Ana Entera;1
Matias Queroso Todo;6
Dolores Fuertes de Barriga ;5
Antonio Bragueta Suelta;8
Paca Garte;8
Marcia Ana Entera;3
Dolores Fuertes de Barriga ;6
Matias Queroso Todo;1
Aitor Tilla Buena;5
Marcia Ana Entera;6
Antonio Bragueta Suelta;5
Dolores Fuertes de Barriga ;1
Dolores Fuertes de Barriga ;4
Igor Dito Delgado;3
Antonio Bragueta Suelta;4
Helen Chufe;5
Antonio Bragueta Suelta;1
Dolores Fuertes de Barriga ;6
Antonio Bragueta Suelta;8
Aitor Tilla Buena;7
Paca Garte;5
Igor Dito Delgado;5
Aitor Tilla Buena;4
Paca Garte;4
Helen Chufe;8
Marcia Ana Entera;2
Helen Chufe;1
Dolores Fuertes de Barriga ;3
Paca Garte;2
Dolores Fuertes de Barriga ;8
Matias Queroso Todo;6
Aitor Tilla Buena;6
Helen Chufe;8
Matias Queroso Todo;1
Igor Dito Delgado;3
Marcia Ana Entera;1
Dolores Fuertes de Barriga ;8
Aitor Tilla Buena;8
Dolores Fuertes de Barriga ;3
Paca Garte;7
Antonio Bragueta Suelta;5
Helen Chufe;3
Aitor Tilla Buena;2
Antonio Bragueta Suelta;1
Aitor Tilla Buena;1
Dolores Fuertes de Barriga ;3
Igor Dito Delgado;5
Helen Chufe;7
Helen Chufe;7
Helen Chufe;6
Paca Garte;2
Marcia Ana Entera;3
Matias Queroso Todo;8
Helen Chufe;3
Matias Queroso Todo;8
Matias Queroso Todo;6
Marcia Ana Entera;7
Antonio Bragueta Suelta;5
Aitor Tilla Buena;7
Antonio Bragueta Suelta;8
Igor Dito Delgado;6
Antonio Bragueta Suelta;1
Helen Chufe;2
Marcia Ana Entera;6
Matias Queroso Todo;2
Marcia Ana Entera;6
Antonio Bragueta Suelta;4
Matias Queroso Todo;4
Igor Dito Delgado;6
Helen Chufe;3
Antonio Bragueta Suelta;1
Helen Chufe;2
Helen Chufe;3
Helen Chufe;5
Antonio Bragueta Suelta;7
Matias Queroso Todo;1
Igor Dito Delgado;5
Paca Garte;3
Paca Garte;3
Dolores Fuertes de Barriga ;4
Antonio Bragueta Suelta;8
Helen Chufe;3
Dolores Fuertes de Barriga ;1
Antonio Bragueta Suelta;6
Dolores Fuertes de Barriga ;8
Dolores Fuertes de Barriga ;1
Antonio Bragueta Suelta;8
Aitor Tilla Buena;5
Paca Garte;8
Paca Garte;2
Antonio Bragueta Suelta;2
Dolores Fuertes de Barriga ;5
Paca Garte;3
Igor Dito Delgado;5
Aitor Tilla Buena;2
Dolores Fuertes de Barriga ;7
Paca Garte;6
Dolores Fuertes de Barriga ;5
Helen Chufe;8
Helen Chufe;6
Dolores Fuertes de Barriga ;3
Aitor Tilla Buena;4
Helen Chufe;2
Helen Chufe;8
Antonio Bragueta Suelta;8
Antonio Bragueta Suelta;1
Marcia Ana Entera;1
Paca Garte;7
Igor Dito Delgado;5
Helen Chufe;5
Antonio Bragueta Suelta;1
Antonio Bragueta Suelat;6
Antonio Bragueta Suelta;8
Marcia Ana Entera;1
Dolores Fuertes de Barriga ;6
Dolores Fuertes de Barriga ;4
Aitor Tilla Buena;3
Igor Dito Delgado;2
Paca Garte;7
Helen Chufe;5
Antonio Bragueta Suelta;6
Helen Chufe;2
Igor Dito Delgado;5
Antonio Bragueta Suelta;1
Matias Queroso Todo;8
Dolores Fuertes de Barriga ;4
Dolores Fuertes de Barriga ;5
Igor Dito Delgado;5
Dolores Fuertes de Barriga ;8
Dolores Fuertes de Barriga ;4
Matias Queroso Todo;7
Helen Chufe;6
Aitor Tilla Buena;5
Paca Garte;7
Paca Garte;1
Paca Garte;5
Antonio Bragueta Suelta;5
Igor Dito Delgado;5
Matias Queroso Todo;4
Matias Queroso Todo;3
Igor Dito Delgado;6
Marcia Ana Entera;7
Marcia Ana Entera;2
Matias Queroso Todo;2
Helen Chufe;3
Matias Queroso Todo;7
Antonio Bragueta Suelta;5
Matias Queroso Todo;6
Dolores Fuertes de Barriga ;7
Helen Chufe;4
Marcia Ana Entera;3
Antonio Bragueta Suelta;2
Matias Queroso Todo;5
Helen Chufe;1
Marcia Ana Entera;6
Dolores Fuertes de Barriga ;2
Paca Garte;3
Paca Garte;1
Paca Garte;5
Antonio Bragueta Suelta;8
Dolores Fuertes de Barriga ;1
Dolores Fuertes de Barriga ;6
Helen Chufe;6
Antonio Bragueta Suelta;6
Aitor Tilla Buena;7
Helen Chufe;3
Aitor Tilla Buena;3
Aitor Tilla Buena;2
Helen Chufe;2
Helen Chufe;7
Aitor Tilla Buena;6
Matias Queroso Todo;8
Dolores Fuertes de Barriga ;6
Aitor Tilla Buena;7
Aitor Tilla Buena;1
Aitor Tilla Buena;7
Matias Queroso Todo;3
Paca Garte;7
Aitor Tilla Buena;4
Igor Dito Delgado;7
Aitor Tilla Buena;3
Aitor Tilla Buena;1
Aitor Tilla Buena;8
Matias Queroso Todo;3
Marcia Ana Entera;3
Aitor Tilla Buena;4
Antonio Bragueta Suelta;5
Dolores Fuertes de Barriga ;5
Paca Garte;8
Paca Garte;7
Aitor Tilla Buena;8
Dolores Fuertes de Barriga ;5
Marcia Ana Entera;7
Marcia Ana Entera;5
Aitor Tilla Buena;7
Igor Dito Delgado;3
Aitor Tilla Buena;1
Helen Chufe;1
Igor Dito Delgado;1
Dolores Fuertes de Barriga ;2
Marcia Ana Entera;8
Antonio Bragueta Suelta;7
Helen Chufe;8
Marcia Ana Entera;6
Dolores Fuertes de Barriga ;6
Matias Queroso Todo;2
Paca Garte;1
Marcia Ana Entera;4
Marcia Ana Entera;4
Igor Dito Delgado;1
Antonio Bragueta Suelta;1
Paca Garte;3
Matias Queroso Todo;3
Paca Garte;2
Dolores Fuertes de Barriga ;7
Helen Chufe;3
Dolores Fuertes de Barriga ;6
Dolores Fuertes de Barriga ;3
Paca Garte;6
Aitor Tilla Buena;7
Paca Garte;6
Matias Queroso Todo;5
Aitor Tilla Buena;3
Antonio Bragueta Suelta;1
Marcia Ana Entera;8
Dolores Fuertes de Barriga ;7
Igor Dito Delgado;3
Igor Dito Delgado;7
Igor Dito Delgado;6
Helen Chufe;5
Antonio Bragueta Suelta;7
Marcia Ana Entera;3
Paca Garte;6
Marcia Ana Entera;5
Igor Dito Delgado;2
Matias Queroso Todo;1
Aitor Tilla Buena;4
Dolores Fuertes de Barriga ;5
Dolores Fuertes de Barriga ;5
Paca Garte;1
Helen Chufe;8
Antonio Bragueta Suelta;6
Antonio Bragueta Suelta;8
Antonio Bragueta Suelta;7
Aitor Tilla Buena;6
Paca Garte;8
Marcia Ana Entera;3
Paca Garte;1
Helen Chufe;1
Dolores Fuertes de Barriga ;6
Igor Dito Delgado;6
Igor Dito Delgado;3
Helen Chufe;5
Matias Queroso Todo;3
Paca Garte;1
Helen Chufe;8
Dolores Fuertes de Barriga ;7
Matias Queroso Todo;5
Paca Garte;2
Aitor Tilla Buena;5
Antonio Bragueta Suelta;4
Helen Chufe;7
Antonio Bragueta Suelta;7
Helen Chufe;2
Igor Dito Delgado;1
Antonio Bragueta Suelta;4
Igor Dito Delgado;2
Igor Dito Delgado;1
Igor Dito Delgado;5
Aitor Tilla Buena;4
Paca Garte;6
Marcia Ana Entera;2
Helen Chufe;3
Antonio Bragueta Suelta;4
Igor Dito Delgado;6
Matias Queroso Todo;1
Igor Dito Delgado;1
Marcia Ana Entera;7
Paca Garte;7
Paca Garte;4
Helen Chufe;3
Antonio Bragueta Suelta;5
Igor Dito Delgado;1
Marcia Ana Entera;2
Paca Garte;6
Antonio Bragueta Suelta;3
Dolores Fuertes de Barriga ;1
Dolores Fuertes de Barriga ;5
Helen Chufe;6
Dolores Fuertes de Barriga ;1
Marcia Ana Entera;1
Aitor Tilla Buena;2
Paca Garte;2
Marcia Ana Entera;5
Antonio Bragueta Suelta;7
Dolores Fuertes de Barriga ;8
Matias Queroso Todo;1
Paca Garte;6
Matias Queroso Todo;6
Matias Queroso Todo;7
Paca Garte;4
Aitor Tilla Buena;3
Marcia Ana Entera;1
Helen Chufe;1
Helen Chufe;8
Matias Queroso Todo;2
Igor Dito Delgado;4
Helen Chufe;8
Aitor Tilla Buena;7
Igor Dito Delgado;7
Helen Chufe;3
Helen Chufe;8
Igor Dito Delgado;7
Helen Chufe;5
Paca Garte;3
Igor Dito Delgado;5
Igor Dito Delgado;5
Matias Queroso Todo;4
Aitor Tilla Buena;6
Antonio Bragueta Suelta;3
Antonio Bragueta Suelta;3
Helen Chufe;2
Aitor Tilla Buena;3
Matias Queroso Todo;7
Paca Garte;1
Aitor Tilla Buena;3
Antonio Bragueta Suelta;6
Igor Dito Delgado;7
Helen Chufe;5
Antonio Bragueta Suelta;1
Antonio Bragueta Suelta;3
Igor Dito Delgado;1
Igor Dito Delgado;8
Matias Queroso Todo;4
Paca Garte;6
Matias Queroso Todo;5
Matias Queroso Todo;7
Matias Queroso Todo;7
Antonio Bragueta Suelta;8
Igor Dito Delgado;7
Aitor Tilla Buena;3
Antonio Bragueta Suelta;8
Paca Garte;5
Dolores Fuertes de Barriga ;4
Dolores Fuertes de Barriga ;4
Paca Garte;6
Antonio Bragueta Suelta;4
Antonio Bragueta Suelta;8
Antonio Bragueta Suelta;6
Dolores Fuertes de Barriga ;5
Antonio Bragueta Suelta;8
Matias Queroso Todo;3
Paca Garte;8
Aitor Tilla Buena;7
Antonio Bragueta Suelta;6
Antonio Bragueta Suelta;2
Antonio Bragueta Suelta;2
Aitor Tilla Buena;1
Matias Queroso Todo;1
Aitor Tilla Buena;6
Dolores Fuertes de Barriga ;2
Marcia Ana Entera;1
Dolores Fuertes de Barriga ;4
Dolores Fuertes de Barriga ;1
Helen Chufe;6
Matias Queroso Todo;1
Dolores Fuertes de Barriga ;3
Aitor Tilla Buena;5
Igor Dito Delgado;1
Igor Dito Delgado;5
Paca Garte;6
Matias Queroso Todo;7
Dolores Fuertes de Barriga ;7
Aitor Tilla Buena;6
Matias Queroso Todo;7
Helen Chufe;4
Matias Queroso Todo;6
Paca Garte;7
Aitor Tilla Buena;4
Igor Dito Delgado;5
Marcia Ana Entera;1
Igor Dito Delgado;3
Igor Dito Delgado;1
Aitor Tilla Buena;4
Antonio Bragueta Suelta;7
Marcia Ana Entera;7
Paca Garte;8
Paca Garte;6
Marcia Ana Entera;6
Paca Garte;3
Aitor Tilla Buena;1
Helen Chufe;4
Antonio Bragueta Suelta;2
Dolores Fuertes de Barriga ;5
Antonio Bragueta Suelta;4
Antonio Bragueta Suelta;5
Aitor Tilla Buena;7
Igor Dito Delgado;5
Matias Queroso Todo;8
Paca Garte;3
Antonio Bragueta Suelta;6
Marcia Ana Entera;2
Matias Queroso Toto;3
Marcia Ana Entera;2
Aitor Tilla Buena;3
Igor Dito Delgado;6
Dolores Fuertes de Barriga ;6
Aitor Tilla Buena;7
Antonio Bragueta Suelta;8
Paca Garte;3
Aitor Tilla Buena;5
Dolores Fuertes de Barriga ;6
Matias Queroso Todo;8
Matias Queroso Todo;7
Antonio Bragueta Suelta;1
Marcia Ana Entera;8
Antonio Bragueta Suelta;7
Marcia Ana Entera;6
Antonio Bragueta Suelta;5
Antonio Bragueta Suelta;4
Aitor Tilla Buena;8
Marcia Ana Entera;7
Helen Chufe;2
Marcia Ana Entera;7
Helen Chufe;5
Antonio Bragueta Suelta;2
Aitor Tilla Buena;3
Antonio Bragueta Suelta;8
Igor Dito Delgado;4
Dolores Fuertes de Barriga ;3
Aitor Tilla Buena;1
Dolores Fuertes de Barriga ;4
Igor Dito Delgado;3
Aitor Tilla Buena;5
Antonio Bragueta Suelta;6
Aitor Tilla Buena;7
Marcia Ana Entera;8
Paca Garte;6
Matias Queroso Todo;6
Dolores Fuertes de Barriga ;8
Antonio Bragueta Suelta;7
Dolores Fuertes de Barriga ;5
Dolores Fuertes de Barriga ;8
Antonio Bragueta Suelta;7
Paca Garte;5
Paca Garte;8
Aitor Tilla Buena;8
Marcia Ana Entera;7
Matias Queroso Todo;2
Antonio Bragueta Suelta;7
Marcia Ana Entera;7
Marcia Ana Entera;8
Igor Dito Delgado;1
Igor Dito Delgado;6
Matias Queroso Todo;4
Paca Garte;8
Matias Queroso Todo;6
Dolores Fuertes de Barriga ;5
Matias Queroso Todo;8
Antonio Bragueta Suelta;7
Dolores Fuertes de Barriga ;6
Antonio Bragueta Suelta;6
Dolores Fuertes de Barriga ;4
Matias Queroso Todo;2
Paca Garte;2
Marcia Ana Entera;5
Marcia Ana Entera;7
Matias Queroso Todo;3
Aitor Tilla Buena;6
Antonio Bragueta Suelta;4
Helen Chufe;1
Helen Chufe;3
Paca Garte;8
Dolores Fuertes de Barriga ;4
Helen Chufe;4
Matias Queroso Todo;6
Matias Queroso Todo;7
Matias Queroso Todo;1
Aitor Tilla Buena;4
Igor Dito Delgado;8
Marcia Ana Entera;4
Igor Dito Delgado;4
Marcia Ana Entera;3
Paca Garte;1
Helen Chufe;5
Helen Chufe;6
Aitor Tilla Buena;3
Dolores Fuertes de Barriga ;3
Aitor Tilla Buena;5
Aitor Tilla Buena;6
Paca Garte;3
Dolores Fuertes de Barriga ;1
Helen Chufe;3
Antonio Bragueta Suelta;7
Dolores Fuertes de Barriga ;4
Igor Dito Delgado;6
Dolores Fuertes de Barriga ;7
Antonio Bragueta Suelta;2
Matias Queroso Todo;3
Aitor Tilla Buena;1
Igor Dito Delgado;2
Marcia Ana Entera;5
Dolores Fuertes de Barriga ;5
Helen Chufe;1
Marcia Ana Entera;2
Matias Queroso Todo;4
Paca Garte;3
Aitor Tilla Buena;4
Antonio Bragueta Suelta;3
Marcia Ana Entera;2
Igor Dito Delgado;8
Antonio Bragueta Suelta;6
Helen Chufe;5
Helen Chufe;2
Igor Dito Delgado;4
Marcia Ana Entera;7
Aitor Tilla Buena;3
Matias Queroso Todo;3
Marcia Ana Entera;1
Paca Garte;7
Paca Garte;4
Aitor Tilla Buena;7
Dolores Fuertes de Barriga ;4
Igor Dito Delgado;5
Matias Queroso Todo;6
Marcia Ana Entera;2
Aitor Tilla Buena;7
Helen Chufe;4
Antonio Bragueta Suelta;5
Antonio Bragueta Suelta;7
Paca Garte;6
Paca Garte;7
Marcia Ana Entera;8
Paca Garte;3
Paca Garte;7
Helen Chufe;7
Helen Chufe;6
Igor Dito Delgado;2
Antonio Bragueta Suelta;3
Helen Chufe;7
Marcia Ana Entera;6
Paca Garte;1
Matias Queroso Todo;7
Dolores Fuertes de Barriga ;3
Helen Chufe;5
Aitor Tilla Buena;1
Aitor Tilla Buena;2
Helen Chufe;5
Marcia Ana Entera;2
Aitor Tilla Buena;6
Helen Chufe;4
Paca Garte;2
Dolores Fuertes de Barriga ;3
Helen Chufe;3
Dolores Fuertes de Barriga ;1
Paca Garte;5
Paca Garte;4
Dolores Fuertes de Barriga ;8
Aitor Tilla Buena;5
